{
  "providers": [
    {
      "type": "bitmap",
      "file": "minecraft:font/ew_icons.png",
      "ascent": 7,
      "height": 10,
      "chars": [
        "\uE000\uE001\uE002\uE003\uE004\uE005\uE006\uE007",
        "\uE008\uE009\uE010\uE011\uE012\uE013\uE014\uE015"
      ]
    },
    {
      "type": "bitmap",
      "file": "minecraft:gui/pixel.png",
      "ascent": -2147483648,
      "height": -10,
      "chars": ["\uE032"]
    },
    {
      "type": "bitmap",
      "file": "minecraft:gui/ui/build-menu.png",
      "ascent": 13,
      "height": 135,
      "chars": ["\uE033"]
    },
    {
      "type": "bitmap",
      "file": "minecraft:gui/ui/wall-menu.png",
      "ascent": 13,
      "height": 135,
      "chars": ["\uE034"]
    },
    {
      "type": "bitmap",
      "file": "minecraft:gui/ui/gate-menu.png",
      "ascent": 13,
      "height": 135,
      "chars": ["\uE035"]
    },
    {
      "type": "bitmap",
      "file": "minecraft:gui/ui/camp_fire-menu.png",
      "ascent": 13,
      "height": 135,
      "chars": ["\uE036"]
    },
    {
      "type": "bitmap",
      "file": "minecraft:gui/ui/builder_hut-shop.png",
      "ascent": 13,
      "height": 135,
      "chars": ["\uE037"]
    },
    {
      "type": "bitmap",
      "file": "minecraft:gui/ui/wood_craftsman_house-shop.png",
      "ascent": 13,
      "height": 135,
      "chars": ["\uE038"]
    },
    {
      "type": "bitmap",
      "file": "minecraft:gui/ui/mill-shop.png",
      "ascent": 13,
      "height": 135,
      "chars": ["\uE039"]
    },
    {
      "type": "bitmap",
      "file": "minecraft:gui/ui/wood_tower-menu.png",
      "ascent": 13,
      "height": 135,
      "chars": ["\uE040"]
    }
  ]
}